https://www.1mg.com/drugs/peggrafeel-6mg-injection-172936,
https://www.1mg.com/drugs/plamumab-40mg-injection-0.8ml-each-416488,
https://www.1mg.com/drugs/pamorelin-la-11.25mg-powder-for-injection-147767,
https://www.1mg.com/drugs/paclitax-nab-100mg-injection-258555,
https://www.1mg.com/drugs/paclitax-260mg-injection-259044,
https://www.1mg.com/drugs/pazoci-400-tablet-702081,
https://www.1mg.com/drugs/paclitax-300mg-injection-266400,
https://www.1mg.com/drugs/pamorelin-la-3.75mg-powder-for-injection-165365,
https://www.1mg.com/drugs/perjeta-injection-535840,
https://www.1mg.com/drugs/pegfeel-injection-684938,
https://www.1mg.com/drugs/pamorelin-la-22.5mg-injection-343903,
https://www.1mg.com/drugs/phesgo-1200mg-600mg-solution-for-injection-765799,
https://www.1mg.com/drugs/prevenar-13-vaccine-311730,
https://www.1mg.com/drugs/phesgo-600mg-600mg-solution-for-injection-765800,
https://www.1mg.com/drugs/preservgest-sr-200-tablet-757920,
https://www.1mg.com/drugs/pemgem-500mg-injection-257731,
https://www.1mg.com/drugs/pazoci-200-tablet-702080,
https://www.1mg.com/drugs/primcyv-125mg-capsule-764611,
https://www.1mg.com/drugs/purplz-100mg-injection-320948,
https://www.1mg.com/drugs/pemgem-100mg-injection-257916